sha256,source
ec189a23eadc97a292824209036c15254f451a7f0374a522645dc26a7ab957e2,logs/experiments/master_recompute/context_length_predictor_v4/Chronos2-Small/best_config.json
64a304eec619c128544c5e4d4336150c5148c0cf503cbaae405aedf5befe44ca,logs/experiments/master_recompute/context_length_predictor_v4_classification/Chronos2-Small/best_config.json
5ef7e5e5e6e7867fc5ea095bb23c19acab05920ad8bafafe4ea1cf465991d83f,logs/experiments/master_recompute/topk_predictor_consistency/Chronos2-Small/consistency_summary.json
9ca22d73a234f4afec1c44fc66b3536346289a4fef7ea22dfb15531eaae79e9c,logs/experiments/master_recompute/topk_predictor_consistency/Chronos2-Small/trial_results.csv
dc983d0b50afc88da23fcc0dec7ac09ade95cb5e8bf14b405e3d5e098e4f41e4,logs/experiments/master_recompute/window_ablation_gifteval/Chronos2-Base/strategy_comparison_v3/comparison.csv
71528c8a11a0f2bfe4901c431a683847817926762531bcc261ed97a2a8a54bbf,logs/experiments/master_recompute/window_ablation_gifteval/Chronos2-Base/strategy_comparison_v4/comparison.csv
5a0284373bedc889c550d536fee774011cf85885ac53f2a177965e53f3b7fae1,logs/experiments/master_recompute/window_ablation_gifteval/Chronos2-Small/strategy_comparison_v3/comparison.csv
a170dfc070db94e8a1be9bab6fc52a4f46945867e38194f8b4cc7b23e3de0194,logs/experiments/master_recompute/window_ablation_gifteval/Chronos2-Small/strategy_comparison_v3_risk/comparison.csv
38c70fec8439b05dd8bca5e1b3287df75bd946cfbe53496a966d000f91d28d81,logs/experiments/master_recompute/window_ablation_gifteval/Chronos2-Small/strategy_comparison_v4/comparison.csv
3d4908d635c489f2a3a9aeaee3f6e1d131b4b67f6d4bc3a907b2cac644a12927,logs/experiments/master_recompute/window_ablation_gifteval/Chronos2-Small/strategy_comparison_v4_acceptable/comparison.csv
0c3b81e18224f11537cce873f3b3df783f08b5777c0bced8d130f295e06b1c9e,logs/experiments/master_recompute/window_ablation_gifteval/Chronos2-Small/strategy_comparison_v4_classification/comparison.csv
e43e05524c20e8d36d33482da2d977fd91fc1e01a06100dd08e7b9c7e68e53d5,logs/experiments/master_recompute/window_ablation_gifteval/Chronos2-Small/strategy_comparison_v4_pairwise/comparison.csv
4471715f698c37ca05dc627c0ea03b6c25fcdc6e42d7372bb9026fd4b082a623,logs/experiments/master_recompute/window_ablation_gifteval/Chronos2-Synth/strategy_comparison_v3/comparison.csv
4a3db6aad8c484e60e0ebccc06daba020d8eb563f66e2be7b3f8fe3609f46044,logs/experiments/master_recompute/window_ablation_gifteval/Chronos2-Synth/strategy_comparison_v4/comparison.csv
55a16ac38c590e500c74a19892c60797dbb1fc9457d3b92fc2123ab679177421,logs/experiments/master_recompute/window_ablation_gifteval/ChronosBolt-Base/strategy_comparison_v3/comparison.csv
b605a95217672aaf91693e9df9f4a836c297549b682d3d95c9337962bd39bf82,logs/experiments/master_recompute/window_ablation_gifteval/ChronosBolt-Base/strategy_comparison_v4/comparison.csv
e36b9e823266245a57eae53fd1ebc89f9e7c95a19cab67222a1709a5127b379b,logs/experiments/master_recompute/window_ablation_gifteval/FlowState-R1/strategy_comparison_v3/comparison.csv
9c47fa3558364b7be36a2f787be5a9740428bd9ddaed556a14882ee7dd6bb2db,logs/experiments/master_recompute/window_ablation_gifteval/FlowState-R1/strategy_comparison_v4/comparison.csv
1a51268459841296fd4488b8bce58ad3706aedea88ce35ae4e48f8d36f264cde,logs/experiments/master_recompute/window_ablation_gifteval/Moirai2-Small/strategy_comparison_v3/comparison.csv
0ef9d3e90008328be7dcbfec22f99ae55a3f940233e4a42a15244b252838078d,logs/experiments/master_recompute/window_ablation_gifteval/Moirai2-Small/strategy_comparison_v4/comparison.csv
71d619869dbbf32fe46b7a2986ae61d40b9c86905e59cafedcb26a71fcb594e4,logs/experiments/master_recompute/window_ablation_gifteval/PatchTST-FM-R1/strategy_comparison_v3/comparison.csv
28dee3b37ea3e6105e8e6ba47327bbc719c3351261a1aa31afbe35df6181fc1d,logs/experiments/master_recompute/window_ablation_gifteval/PatchTST-FM-R1/strategy_comparison_v4/comparison.csv
076d60d0d3c00c9809a7163e4c4431b4bc11c319910be18c3009917ec607920e,logs/experiments/master_recompute/window_ablation_gifteval/Sundial-Base-128M/strategy_comparison_v3/comparison.csv
b1e0c984a395fbf2ac21739ebeba0f0271726a87765675b94419053a4b9e31e1,logs/experiments/master_recompute/window_ablation_gifteval/Sundial-Base-128M/strategy_comparison_v4/comparison.csv
faa2cf16e0357ed226b16244e601cb19e3ff4e578ccef0b6187a6743041aba67,logs/experiments/master_recompute/window_ablation_gifteval/TiRex2/strategy_comparison_v3/comparison.csv
7c8b1487c3b720d85b7872b59716fd8cd2bac1c2fdcd4a52d6f94dac768a7fea,logs/experiments/master_recompute/window_ablation_gifteval/TiRex2/strategy_comparison_v4/comparison.csv
7c11f5aaf41841962ac4ae31796ae51e9b824ffabdd0ed0fe971f57a11c4f371,logs/experiments/master_recompute/window_ablation_gifteval/TimesFM2.5-200M/strategy_comparison_v3/comparison.csv
5aee1dcac91f23eca587442a8dc1801f632b22c28d7e935ec5380eab8c807535,logs/experiments/master_recompute/window_ablation_gifteval/TimesFM2.5-200M/strategy_comparison_v4/comparison.csv
6c1bfe767d7116cb5c21a915088307b3cb0be1009230805d5a7254914834b4b3,logs/experiments/master_recompute/window_ablation_gifteval/Toto-2.0-313m/strategy_comparison_v3/comparison.csv
ea960aa3119d95ee08eade20552c0b7f95fa41b99c1a1caedc1f05653d43351f,logs/experiments/master_recompute/window_ablation_gifteval/Toto-2.0-313m/strategy_comparison_v4/comparison.csv
