model,context_length,metric,variant,visible_suffix,mean_loss_delta,mean_abs_loss_delta,se_loss_delta,n_rows
Chronos2-Base,8192,mae,attention_mask/full_history_stats,32,0.04213665292,0.08649646614,0.01009451187,256
Chronos2-Base,8192,mae,attention_mask/full_history_stats,48,0.0382573589,0.07926527795,0.0119410318,256
Chronos2-Base,8192,mae,attention_mask/full_history_stats,64,0.02393889173,0.06469321022,0.009093567701,256
Chronos2-Base,8192,mae,attention_mask/full_history_stats,96,0.00798351668,0.04660505735,0.005334674636,256
Chronos2-Base,8192,mae,attention_mask/full_history_stats,128,0.01421422929,0.04654887167,0.006037365209,256
Chronos2-Base,8192,mae,attention_mask/full_history_stats,192,0.009290572354,0.03584551864,0.004922248131,256
Chronos2-Base,8192,mae,attention_mask/full_history_stats,256,0.01008123627,0.02696650323,0.003474764641,256
Chronos2-Base,8192,mae,attention_mask/full_history_stats,384,0.006147833809,0.0380483037,0.009674576007,256
Chronos2-Base,8192,mae,attention_mask/full_history_stats,512,0.0220992141,0.03478737336,0.0163660143,256
Chronos2-Base,8192,mae,attention_mask/full_history_stats,768,0.02362309117,0.03339257898,0.01823523384,256
Chronos2-Base,8192,mae,attention_mask/full_history_stats,1024,0.006032542036,0.01348513606,0.001905237776,256
Chronos2-Base,8192,mae,attention_mask/full_history_stats,1536,0.004377274879,0.01286129911,0.001777542791,256
Chronos2-Base,8192,mae,attention_mask/full_history_stats,2048,0.0047885777,0.01056703337,0.001551239365,256
Chronos2-Base,8192,mae,attention_mask/full_history_stats,2560,0.003475793604,0.008362961407,0.001111759878,256
Chronos2-Base,8192,mae,attention_mask/full_history_stats,3072,0.002556266914,0.007385678094,0.000976309579,256
Chronos2-Base,8192,mae,attention_mask/full_history_stats,4096,0.00175603499,0.005498655356,0.0009152152346,256
Chronos2-Base,8192,mae,attention_mask/full_history_stats,6144,0.0001109877214,0.002418136622,0.000319134623,256
Chronos2-Base,8192,mae,attention_mask/tail_matched_stats,32,-0.0003600651071,0.0009697472415,0.0001618882567,256
Chronos2-Base,8192,mae,attention_mask/tail_matched_stats,48,-0.0001625327359,0.0009746655933,0.0001085037773,256
Chronos2-Base,8192,mae,attention_mask/tail_matched_stats,64,-3.751177246e-05,0.001018040255,0.0001276016207,256
Chronos2-Base,8192,mae,attention_mask/tail_matched_stats,96,-1.86436049e-05,0.00134300613,0.0001763263989,256
Chronos2-Base,8192,mae,attention_mask/tail_matched_stats,128,3.19107744e-06,0.001241860432,0.0001470736353,256
Chronos2-Base,8192,mae,attention_mask/tail_matched_stats,192,7.607590351e-05,0.0008308205183,9.989678195e-05,256
Chronos2-Base,8192,mae,attention_mask/tail_matched_stats,256,6.128710538e-06,0.0006626530408,7.319015625e-05,256
Chronos2-Base,8192,mae,attention_mask/tail_matched_stats,384,-3.476753477e-06,0.0007028369138,0.0001272581146,256
Chronos2-Base,8192,mae,attention_mask/tail_matched_stats,512,-0.0001122327817,0.0006696683126,9.781184053e-05,256
Chronos2-Base,8192,mae,attention_mask/tail_matched_stats,768,-0.0001454896876,0.0006043006299,9.527401585e-05,256
Chronos2-Base,8192,mae,attention_mask/tail_matched_stats,1024,2.218970167e-05,0.0005178381953,7.613382937e-05,256
Chronos2-Base,8192,mae,attention_mask/tail_matched_stats,1536,6.235589143e-05,0.0004887984284,0.0001010608422,256
Chronos2-Base,8192,mae,attention_mask/tail_matched_stats,2048,-2.333127713e-05,0.0004695229595,4.958672792e-05,256
Chronos2-Base,8192,mae,attention_mask/tail_matched_stats,2560,1.251259528e-05,0.0005368939201,7.219740506e-05,256
Chronos2-Base,8192,mae,attention_mask/tail_matched_stats,3072,0.0001126455675,0.0006390129662,0.0001576850235,256
Chronos2-Base,8192,mae,attention_mask/tail_matched_stats,4096,2.954144344e-05,0.0006002431614,0.0001073105613,256
Chronos2-Base,8192,mae,attention_mask/tail_matched_stats,6144,-1.386272743e-06,0.0004821178818,4.770025079e-05,256
Chronos2-Base,8192,mse,attention_mask/full_history_stats,32,0.1233449323,0.236810944,0.03384998771,256
Chronos2-Base,8192,mse,attention_mask/full_history_stats,48,0.1264469345,0.2167775682,0.04515253251,256
Chronos2-Base,8192,mse,attention_mask/full_history_stats,64,0.08736913146,0.1972612904,0.04790768853,256
Chronos2-Base,8192,mse,attention_mask/full_history_stats,96,0.001778749458,0.09369606575,0.01602082092,256
Chronos2-Base,8192,mse,attention_mask/full_history_stats,128,0.03561941444,0.1206741824,0.02877391422,256
Chronos2-Base,8192,mse,attention_mask/full_history_stats,192,-0.008577608807,0.07098342006,0.01582212325,256
Chronos2-Base,8192,mse,attention_mask/full_history_stats,256,0.0007238766545,0.04984024638,0.01088956858,256
Chronos2-Base,8192,mse,attention_mask/full_history_stats,384,0.001710216137,0.08396584238,0.03107863537,256
Chronos2-Base,8192,mse,attention_mask/full_history_stats,512,0.09822258323,0.1168508328,0.09317177102,256
Chronos2-Base,8192,mse,attention_mask/full_history_stats,768,0.1282669958,0.1441847444,0.1244788175,256
Chronos2-Base,8192,mse,attention_mask/full_history_stats,1024,0.006135730945,0.01757636223,0.003241680717,256
Chronos2-Base,8192,mse,attention_mask/full_history_stats,1536,0.001216881742,0.0152960248,0.002771519336,256
Chronos2-Base,8192,mse,attention_mask/full_history_stats,2048,0.003054101606,0.01191723225,0.002243158434,256
Chronos2-Base,8192,mse,attention_mask/full_history_stats,2560,0.002366913684,0.0104534164,0.002058810538,256
Chronos2-Base,8192,mse,attention_mask/full_history_stats,3072,0.001145126543,0.01000748945,0.002259593607,256
Chronos2-Base,8192,mse,attention_mask/full_history_stats,4096,-9.917172537e-05,0.008626662367,0.002644348971,256
Chronos2-Base,8192,mse,attention_mask/full_history_stats,6144,-0.0006586756332,0.003972137106,0.001106692192,256
Chronos2-Base,8192,mse,attention_mask/tail_matched_stats,32,-0.00198898519,0.003376773671,0.0008691981634,256
Chronos2-Base,8192,mse,attention_mask/tail_matched_stats,48,-7.493536069e-05,0.002402406998,0.0003678378732,256
Chronos2-Base,8192,mse,attention_mask/tail_matched_stats,64,0.0001507329758,0.002738176392,0.0004946942523,256
Chronos2-Base,8192,mse,attention_mask/tail_matched_stats,96,-5.436316e-05,0.00340750605,0.0006665263229,256
Chronos2-Base,8192,mse,attention_mask/tail_matched_stats,128,-0.0001534163328,0.003211129409,0.0006824012014,256
Chronos2-Base,8192,mse,attention_mask/tail_matched_stats,192,0.0001145033575,0.0016383873,0.0002730173665,256
Chronos2-Base,8192,mse,attention_mask/tail_matched_stats,256,-5.398491859e-05,0.001120677185,0.0001879525132,256
Chronos2-Base,8192,mse,attention_mask/tail_matched_stats,384,-0.0003502233216,0.001382560826,0.0005286523781,256
Chronos2-Base,8192,mse,attention_mask/tail_matched_stats,512,-0.0002597110111,0.0009689123591,0.0001791768196,256
Chronos2-Base,8192,mse,attention_mask/tail_matched_stats,768,-0.0003101558061,0.0008693678656,0.0002168244347,256
Chronos2-Base,8192,mse,attention_mask/tail_matched_stats,1024,-9.040930308e-05,0.0006604924365,0.0001560611278,256
Chronos2-Base,8192,mse,attention_mask/tail_matched_stats,1536,-0.0001210567021,0.0006272186129,0.0001273713754,256
Chronos2-Base,8192,mse,attention_mask/tail_matched_stats,2048,-1.636092615e-05,0.0005254774873,7.762369838e-05,256
Chronos2-Base,8192,mse,attention_mask/tail_matched_stats,2560,2.746657348e-05,0.0005846429755,0.0001067536501,256
Chronos2-Base,8192,mse,attention_mask/tail_matched_stats,3072,0.0001299440026,0.0008357050519,0.0002261983049,256
Chronos2-Base,8192,mse,attention_mask/tail_matched_stats,4096,4.446364156e-05,0.0008007496496,0.0001768877854,256
Chronos2-Base,8192,mse,attention_mask/tail_matched_stats,6144,-0.0001186938821,0.0005842973837,0.0001207341709,256
Chronos2-Small,8192,mae,attention_mask/full_history_stats,32,0.0377384632,0.09613453789,0.01206063684,256
Chronos2-Small,8192,mae,attention_mask/full_history_stats,48,0.03088995549,0.07998894276,0.01185286249,256
Chronos2-Small,8192,mae,attention_mask/full_history_stats,64,0.04026717981,0.08165884712,0.01533543009,256
Chronos2-Small,8192,mae,attention_mask/full_history_stats,96,0.02089143725,0.06044165895,0.008213214243,256
Chronos2-Small,8192,mae,attention_mask/full_history_stats,128,0.01910758271,0.05364884119,0.007669831011,256
Chronos2-Small,8192,mae,attention_mask/full_history_stats,192,0.003645428514,0.03899732327,0.006481543093,256
Chronos2-Small,8192,mae,attention_mask/full_history_stats,256,0.001662755388,0.02629482506,0.003876295847,256
Chronos2-Small,8192,mae,attention_mask/full_history_stats,384,0.0002518106167,0.02063719406,0.00326489956,256
Chronos2-Small,8192,mae,attention_mask/full_history_stats,512,-0.0004299584912,0.01609975249,0.002326390864,256
Chronos2-Small,8192,mae,attention_mask/full_history_stats,768,0.0003591855049,0.01196509594,0.001667125842,256
Chronos2-Small,8192,mae,attention_mask/full_history_stats,1024,0.000323997463,0.009428428105,0.001223621233,256
Chronos2-Small,8192,mae,attention_mask/full_history_stats,1536,0.0006564794571,0.007871885127,0.0009638386085,256
Chronos2-Small,8192,mae,attention_mask/full_history_stats,2048,0.0009466105762,0.006862344077,0.000887003221,256
Chronos2-Small,8192,mae,attention_mask/full_history_stats,2560,0.0003713279344,0.005920317373,0.0007003742789,256
Chronos2-Small,8192,mae,attention_mask/full_history_stats,3072,0.0003770513274,0.005672185515,0.0007394822149,256
Chronos2-Small,8192,mae,attention_mask/full_history_stats,4096,1.089964144e-06,0.004672940665,0.0007396766451,256
Chronos2-Small,8192,mae,attention_mask/full_history_stats,6144,8.685400098e-05,0.003182081609,0.0004632698156,256
Chronos2-Small,8192,mae,attention_mask/tail_matched_stats,32,8.321298128e-05,0.001061807569,0.0001183421508,256
Chronos2-Small,8192,mae,attention_mask/tail_matched_stats,48,-5.405786715e-05,0.001340241534,0.0001899762058,256
Chronos2-Small,8192,mae,attention_mask/tail_matched_stats,64,-0.0003755312473,0.001493206474,0.0002027467833,256
Chronos2-Small,8192,mae,attention_mask/tail_matched_stats,96,-0.0003108614646,0.001458632741,0.0001723731272,256
Chronos2-Small,8192,mae,attention_mask/tail_matched_stats,128,-0.0001261826055,0.001709945034,0.0002083273494,256
Chronos2-Small,8192,mae,attention_mask/tail_matched_stats,192,-0.0005972056834,0.001394980542,0.0003704831392,256
Chronos2-Small,8192,mae,attention_mask/tail_matched_stats,256,-0.0003479279198,0.001353374275,0.0002282917769,256
Chronos2-Small,8192,mae,attention_mask/tail_matched_stats,384,-0.0001090255587,0.0009365006649,0.0001062142548,256
Chronos2-Small,8192,mae,attention_mask/tail_matched_stats,512,-0.0001515308027,0.000937324528,0.0001295351198,256
Chronos2-Small,8192,mae,attention_mask/tail_matched_stats,768,-0.0002506110104,0.0008334033027,9.242005232e-05,256
Chronos2-Small,8192,mae,attention_mask/tail_matched_stats,1024,-0.0001959223423,0.0007185931522,8.205028474e-05,256
Chronos2-Small,8192,mae,attention_mask/tail_matched_stats,1536,0.0001197134989,0.0006717349279,8.507920748e-05,256
Chronos2-Small,8192,mae,attention_mask/tail_matched_stats,2048,0.0001437731953,0.000804248135,0.0001466614392,256
Chronos2-Small,8192,mae,attention_mask/tail_matched_stats,2560,7.411637159e-05,0.0008731326074,0.0001541097669,256
Chronos2-Small,8192,mae,attention_mask/tail_matched_stats,3072,9.293048925e-05,0.0007837442704,0.0001005854676,256
Chronos2-Small,8192,mae,attention_mask/tail_matched_stats,4096,0.0001058329364,0.0007425713646,7.473673708e-05,256
Chronos2-Small,8192,mae,attention_mask/tail_matched_stats,6144,-6.130290558e-05,0.0007350024684,7.781111986e-05,256
Chronos2-Small,8192,mse,attention_mask/full_history_stats,32,0.07193009374,0.2954800914,0.07428939845,256
Chronos2-Small,8192,mse,attention_mask/full_history_stats,48,0.08688817311,0.2220385515,0.04755515716,256
Chronos2-Small,8192,mse,attention_mask/full_history_stats,64,0.1498401671,0.2561810521,0.0826994715,256
Chronos2-Small,8192,mse,attention_mask/full_history_stats,96,0.03297765203,0.1507137738,0.03052913867,256
Chronos2-Small,8192,mse,attention_mask/full_history_stats,128,0.02115348827,0.1484523769,0.04548698233,256
Chronos2-Small,8192,mse,attention_mask/full_history_stats,192,-0.04132641681,0.1131332834,0.04625666893,256
Chronos2-Small,8192,mse,attention_mask/full_history_stats,256,-0.02657974032,0.07062175095,0.02738612561,256
Chronos2-Small,8192,mse,attention_mask/full_history_stats,384,-0.01457896934,0.04904909362,0.01690764708,256
Chronos2-Small,8192,mse,attention_mask/full_history_stats,512,-0.00627383483,0.0313942087,0.007693591913,256
Chronos2-Small,8192,mse,attention_mask/full_history_stats,768,0.0007767334074,0.02174349435,0.005340420391,256
Chronos2-Small,8192,mse,attention_mask/full_history_stats,1024,0.0008386559987,0.01358434856,0.002818820121,256
Chronos2-Small,8192,mse,attention_mask/full_history_stats,1536,0.0007234038856,0.01071364819,0.001812242135,256
Chronos2-Small,8192,mse,attention_mask/full_history_stats,2048,0.001097972761,0.009954764333,0.001906041097,256
Chronos2-Small,8192,mse,attention_mask/full_history_stats,2560,-0.001021671682,0.008242425099,0.001355164471,256
Chronos2-Small,8192,mse,attention_mask/full_history_stats,3072,-0.000672840977,0.007982033568,0.001463409523,256
Chronos2-Small,8192,mse,attention_mask/full_history_stats,4096,-0.001675037572,0.007042310841,0.002001452681,256
Chronos2-Small,8192,mse,attention_mask/full_history_stats,6144,-0.0006952566379,0.004541651392,0.00111203326,256
Chronos2-Small,8192,mse,attention_mask/tail_matched_stats,32,-6.203771115e-05,0.002997147573,0.0004788671902,256
Chronos2-Small,8192,mse,attention_mask/tail_matched_stats,48,0.0006386253947,0.004042698224,0.001129139517,256
Chronos2-Small,8192,mse,attention_mask/tail_matched_stats,64,-0.001841626023,0.00431511426,0.0009573334579,256
Chronos2-Small,8192,mse,attention_mask/tail_matched_stats,96,-0.0008994255171,0.003366835388,0.0005046951953,256
Chronos2-Small,8192,mse,attention_mask/tail_matched_stats,128,-1.173407008e-06,0.004343504552,0.0008618658508,256
Chronos2-Small,8192,mse,attention_mask/tail_matched_stats,192,-0.001603419116,0.003277641726,0.001361154888,256
Chronos2-Small,8192,mse,attention_mask/tail_matched_stats,256,-0.001641414443,0.002808139292,0.000872883363,256
Chronos2-Small,8192,mse,attention_mask/tail_matched_stats,384,-0.0003624173525,0.001515010587,0.0002461466377,256
Chronos2-Small,8192,mse,attention_mask/tail_matched_stats,512,-0.0001934581278,0.0015500099,0.0002829284499,256
Chronos2-Small,8192,mse,attention_mask/tail_matched_stats,768,-0.000526236133,0.001212744836,0.0001938921184,256
Chronos2-Small,8192,mse,attention_mask/tail_matched_stats,1024,-0.0002849264585,0.0009220232671,0.0001350880707,256
Chronos2-Small,8192,mse,attention_mask/tail_matched_stats,1536,0.0001610731958,0.0007650139801,0.0001528020242,256
Chronos2-Small,8192,mse,attention_mask/tail_matched_stats,2048,0.0002122376052,0.001108606917,0.0002448733548,256
Chronos2-Small,8192,mse,attention_mask/tail_matched_stats,2560,6.468047467e-05,0.00129531029,0.0002535430002,256
Chronos2-Small,8192,mse,attention_mask/tail_matched_stats,3072,7.997537479e-05,0.001010173159,0.0001751542726,256
Chronos2-Small,8192,mse,attention_mask/tail_matched_stats,4096,5.926337696e-05,0.001052420801,0.0001594969682,256
Chronos2-Small,8192,mse,attention_mask/tail_matched_stats,6144,5.758132405e-06,0.0009958975914,0.0001628289178,256
Chronos2-Synth,8192,mae,attention_mask/full_history_stats,32,0.3190469368,0.3656702288,0.03508386534,256
Chronos2-Synth,8192,mae,attention_mask/full_history_stats,48,0.2081032965,0.2443497584,0.02557889272,256
Chronos2-Synth,8192,mae,attention_mask/full_history_stats,64,0.1573721452,0.1948785385,0.02376871749,256
Chronos2-Synth,8192,mae,attention_mask/full_history_stats,96,0.1062967257,0.1432658638,0.02145493487,256
Chronos2-Synth,8192,mae,attention_mask/full_history_stats,128,0.06688576984,0.1030875505,0.0139636983,256
Chronos2-Synth,8192,mae,attention_mask/full_history_stats,192,0.02594882105,0.05866294677,0.007893927656,256
Chronos2-Synth,8192,mae,attention_mask/full_history_stats,256,0.007661580395,0.04235860742,0.006243084885,256
Chronos2-Synth,8192,mae,attention_mask/full_history_stats,384,0.007818761923,0.03575801381,0.006066663368,256
Chronos2-Synth,8192,mae,attention_mask/full_history_stats,512,0.007084450793,0.0256935045,0.003895299665,256
Chronos2-Synth,8192,mae,attention_mask/full_history_stats,768,0.00342873094,0.01573961339,0.002470949849,256
Chronos2-Synth,8192,mae,attention_mask/full_history_stats,1024,0.004001354313,0.01365112113,0.002361059562,256
Chronos2-Synth,8192,mae,attention_mask/full_history_stats,1536,0.005027247294,0.01040345014,0.001943091162,256
Chronos2-Synth,8192,mae,attention_mask/full_history_stats,2048,0.005062255483,0.009139162193,0.001761198823,256
Chronos2-Synth,8192,mae,attention_mask/full_history_stats,2560,0.00338381201,0.007131011045,0.001327846414,256
Chronos2-Synth,8192,mae,attention_mask/full_history_stats,3072,0.001748016156,0.006417183189,0.001032427185,256
Chronos2-Synth,8192,mae,attention_mask/full_history_stats,4096,0.0007417703127,0.004713175574,0.00090449278,256
Chronos2-Synth,8192,mae,attention_mask/full_history_stats,6144,5.025722021e-05,0.002177255034,0.000362702679,256
Chronos2-Synth,8192,mae,attention_mask/tail_matched_stats,32,-0.0002309849515,0.0009735612548,0.0001389927721,256
Chronos2-Synth,8192,mae,attention_mask/tail_matched_stats,48,0.0001378130892,0.001122312051,0.0001318298173,256
Chronos2-Synth,8192,mae,attention_mask/tail_matched_stats,64,-0.0001712695619,0.001031333866,0.0001311687973,256
Chronos2-Synth,8192,mae,attention_mask/tail_matched_stats,96,-0.0001069915234,0.001050743218,0.0001282915696,256
Chronos2-Synth,8192,mae,attention_mask/tail_matched_stats,128,1.400798874e-05,0.0008728457738,0.0001102738015,256
Chronos2-Synth,8192,mae,attention_mask/tail_matched_stats,192,0.0001276620672,0.001193693104,0.0002198919776,256
Chronos2-Synth,8192,mae,attention_mask/tail_matched_stats,256,2.006523081e-05,0.0006776995282,9.710214261e-05,256
Chronos2-Synth,8192,mae,attention_mask/tail_matched_stats,384,1.956762708e-05,0.0006502279325,8.151995608e-05,256
Chronos2-Synth,8192,mae,attention_mask/tail_matched_stats,512,-9.834317348e-05,0.0007614207282,0.0001460009984,256
Chronos2-Synth,8192,mae,attention_mask/tail_matched_stats,768,0.0001021731023,0.0005905900089,8.706169263e-05,256
Chronos2-Synth,8192,mae,attention_mask/tail_matched_stats,1024,-9.204908838e-05,0.0004945506053,5.146913172e-05,256
Chronos2-Synth,8192,mae,attention_mask/tail_matched_stats,1536,-5.362450156e-05,0.0004726085854,5.251782574e-05,256
Chronos2-Synth,8192,mae,attention_mask/tail_matched_stats,2048,2.14180381e-05,0.0003996711676,4.187108587e-05,256
Chronos2-Synth,8192,mae,attention_mask/tail_matched_stats,2560,1.689070427e-05,0.0005587286539,6.478017088e-05,256
Chronos2-Synth,8192,mae,attention_mask/tail_matched_stats,3072,-0.0001031725678,0.0006123871026,8.371122655e-05,256
Chronos2-Synth,8192,mae,attention_mask/tail_matched_stats,4096,9.839734685e-05,0.0005552087869,6.442045603e-05,256
Chronos2-Synth,8192,mae,attention_mask/tail_matched_stats,6144,2.865202669e-05,0.0005628187614,6.294536632e-05,256
Chronos2-Synth,8192,mse,attention_mask/full_history_stats,32,1.3141408,1.405143173,0.1991660473,256
Chronos2-Synth,8192,mse,attention_mask/full_history_stats,48,0.7770068109,0.8407230943,0.1307207416,256
Chronos2-Synth,8192,mse,attention_mask/full_history_stats,64,0.5753786483,0.6484128208,0.1440511479,256
Chronos2-Synth,8192,mse,attention_mask/full_history_stats,96,0.386849697,0.4592713473,0.1381449325,256
Chronos2-Synth,8192,mse,attention_mask/full_history_stats,128,0.2259987496,0.2896704932,0.06684679584,256
Chronos2-Synth,8192,mse,attention_mask/full_history_stats,192,0.07104660323,0.1378773594,0.02980189341,256
Chronos2-Synth,8192,mse,attention_mask/full_history_stats,256,0.02033800328,0.08959413768,0.02068903793,256
Chronos2-Synth,8192,mse,attention_mask/full_history_stats,384,0.01999639842,0.07090257763,0.01692942481,256
Chronos2-Synth,8192,mse,attention_mask/full_history_stats,512,0.01637375901,0.04526757449,0.009575545429,256
Chronos2-Synth,8192,mse,attention_mask/full_history_stats,768,0.006981432109,0.02463793433,0.007308642917,256
Chronos2-Synth,8192,mse,attention_mask/full_history_stats,1024,0.007687077976,0.02271255807,0.006800046689,256
Chronos2-Synth,8192,mse,attention_mask/full_history_stats,1536,0.008158735973,0.01549144041,0.00516872195,256
Chronos2-Synth,8192,mse,attention_mask/full_history_stats,2048,0.007131108892,0.01455406395,0.00459688778,256
Chronos2-Synth,8192,mse,attention_mask/full_history_stats,2560,0.004687427457,0.01192144209,0.003817263276,256
Chronos2-Synth,8192,mse,attention_mask/full_history_stats,3072,0.001052464778,0.01139443843,0.003393906204,256
Chronos2-Synth,8192,mse,attention_mask/full_history_stats,4096,-0.001686861486,0.008984599981,0.003895276898,256
Chronos2-Synth,8192,mse,attention_mask/full_history_stats,6144,-0.0006546520739,0.0039643788,0.001440711012,256
Chronos2-Synth,8192,mse,attention_mask/tail_matched_stats,32,-0.0009017332011,0.00278018933,0.0005808385095,256
Chronos2-Synth,8192,mse,attention_mask/tail_matched_stats,48,0.0002280372146,0.002610181315,0.0003914029448,256
Chronos2-Synth,8192,mse,attention_mask/tail_matched_stats,64,-0.001000094668,0.00239606582,0.0005653791406,256
Chronos2-Synth,8192,mse,attention_mask/tail_matched_stats,96,-0.0007652519726,0.002668842367,0.000630342529,256
Chronos2-Synth,8192,mse,attention_mask/tail_matched_stats,128,0.0004450986144,0.002104745888,0.0005154477994,256
Chronos2-Synth,8192,mse,attention_mask/tail_matched_stats,192,0.0001275458904,0.002319077525,0.0006058417335,256
Chronos2-Synth,8192,mse,attention_mask/tail_matched_stats,256,0.0001354150631,0.001012219376,0.0001826154458,256
Chronos2-Synth,8192,mse,attention_mask/tail_matched_stats,384,0.000274754772,0.001085785228,0.0002167762223,256
Chronos2-Synth,8192,mse,attention_mask/tail_matched_stats,512,-0.0001820036847,0.001285279658,0.000443263983,256
Chronos2-Synth,8192,mse,attention_mask/tail_matched_stats,768,0.0002303950787,0.000810513275,0.0001536054828,256
Chronos2-Synth,8192,mse,attention_mask/tail_matched_stats,1024,-0.0001644062486,0.0005366604924,8.295833645e-05,256
Chronos2-Synth,8192,mse,attention_mask/tail_matched_stats,1536,-0.000107815214,0.0005575632216,9.291787197e-05,256
Chronos2-Synth,8192,mse,attention_mask/tail_matched_stats,2048,-5.754283541e-05,0.0005554967264,0.0001097936713,256
Chronos2-Synth,8192,mse,attention_mask/tail_matched_stats,2560,0.0001104270567,0.0007055575136,0.0001359272986,256
Chronos2-Synth,8192,mse,attention_mask/tail_matched_stats,3072,-0.0001603172076,0.0007906681966,0.0001689272023,256
Chronos2-Synth,8192,mse,attention_mask/tail_matched_stats,4096,0.0002063843143,0.0007033972133,0.0001379316838,256
Chronos2-Synth,8192,mse,attention_mask/tail_matched_stats,6144,1.850763099e-05,0.0006255532812,9.789271083e-05,256
ChronosBolt-Base,2048,mae,attention_mask/full_history_stats,32,0.01175990389,0.1119222801,0.0129166127,256
ChronosBolt-Base,2048,mae,attention_mask/full_history_stats,48,0.03321069541,0.1174677237,0.01226319475,256
ChronosBolt-Base,2048,mae,attention_mask/full_history_stats,64,0.1628150503,0.237991273,0.04583968459,256
ChronosBolt-Base,2048,mae,attention_mask/full_history_stats,96,1.113710743,1.174472912,0.3717168997,256
ChronosBolt-Base,2048,mae,attention_mask/full_history_stats,128,0.7472267862,0.7937668301,0.2995270732,256
ChronosBolt-Base,2048,mae,attention_mask/full_history_stats,192,0.02982542083,0.0802978167,0.008046980306,256
ChronosBolt-Base,2048,mae,attention_mask/full_history_stats,256,0.03408533151,0.06851163281,0.007097087236,256
ChronosBolt-Base,2048,mae,attention_mask/full_history_stats,384,0.02315135927,0.05667795625,0.006104894978,256
ChronosBolt-Base,2048,mae,attention_mask/full_history_stats,512,0.02298345175,0.05301994729,0.005834103158,256
ChronosBolt-Base,2048,mae,attention_mask/full_history_stats,768,0.01660253357,0.04385339878,0.005167505744,256
ChronosBolt-Base,2048,mae,attention_mask/full_history_stats,1024,0.01359172547,0.03237987749,0.003968393512,256
ChronosBolt-Base,2048,mae,attention_mask/full_history_stats,1536,0.006135675462,0.01800732111,0.00230979539,256
ChronosBolt-Base,2048,mae,attention_mask/tail_matched_stats,32,-4.314301805e-09,3.889147138e-08,7.582278219e-09,256
ChronosBolt-Base,2048,mae,attention_mask/tail_matched_stats,48,8.777931271e-09,4.003067033e-08,6.824553473e-09,256
ChronosBolt-Base,2048,mae,attention_mask/tail_matched_stats,64,2.307558589e-10,4.3851486e-08,5.696862591e-09,256
ChronosBolt-Base,2048,mae,attention_mask/tail_matched_stats,96,-2.941078492e-09,5.788501767e-08,7.91558234e-09,256
ChronosBolt-Base,2048,mae,attention_mask/tail_matched_stats,128,-8.24104518e-09,5.154618066e-08,5.986323064e-09,256
ChronosBolt-Base,2048,mae,attention_mask/tail_matched_stats,192,1.440241704e-09,5.032296713e-08,6.350486741e-09,256
ChronosBolt-Base,2048,mae,attention_mask/tail_matched_stats,256,-7.43466444e-09,4.142930266e-08,6.397196808e-09,256
ChronosBolt-Base,2048,mae,attention_mask/tail_matched_stats,384,3.108539204e-09,3.695367923e-08,4.143058008e-09,256
ChronosBolt-Base,2048,mae,attention_mask/tail_matched_stats,512,-8.05300715e-10,2.978998737e-08,3.184656239e-09,256
ChronosBolt-Base,2048,mae,attention_mask/tail_matched_stats,768,-8.79737172e-10,2.437778335e-08,2.709189999e-09,256
ChronosBolt-Base,2048,mae,attention_mask/tail_matched_stats,1024,2.311367098e-09,2.617332484e-08,2.639643265e-09,256
ChronosBolt-Base,2048,mae,attention_mask/tail_matched_stats,1536,-2.863622228e-09,3.511748758e-08,4.033594881e-09,256
ChronosBolt-Base,2048,mse,attention_mask/full_history_stats,32,-0.02011531386,0.2697933137,0.04181532273,256
ChronosBolt-Base,2048,mse,attention_mask/full_history_stats,48,0.07508629918,0.281384975,0.04176946623,256
ChronosBolt-Base,2048,mse,attention_mask/full_history_stats,64,11.75537047,11.95564806,4.938907546,256
ChronosBolt-Base,2048,mse,attention_mask/full_history_stats,96,807.1902458,807.3635808,365.4488766,256
ChronosBolt-Base,2048,mse,attention_mask/full_history_stats,128,517.0960925,517.2276615,309.847231,256
ChronosBolt-Base,2048,mse,attention_mask/full_history_stats,192,0.03111922105,0.1701678483,0.02681065113,256
ChronosBolt-Base,2048,mse,attention_mask/full_history_stats,256,0.04938056906,0.1406622987,0.0251600148,256
ChronosBolt-Base,2048,mse,attention_mask/full_history_stats,384,0.0126867134,0.09593413884,0.01284170347,256
ChronosBolt-Base,2048,mse,attention_mask/full_history_stats,512,0.00963589993,0.08468055876,0.01301437412,256
ChronosBolt-Base,2048,mse,attention_mask/full_history_stats,768,0.008364179642,0.06855646308,0.01057799245,256
ChronosBolt-Base,2048,mse,attention_mask/full_history_stats,1024,0.008022943193,0.04940669644,0.006890696902,256
ChronosBolt-Base,2048,mse,attention_mask/full_history_stats,1536,0.006342368514,0.03194015593,0.005845355851,256
ChronosBolt-Base,2048,mse,attention_mask/tail_matched_stats,32,-4.931167273e-08,1.393123623e-07,5.953665444e-08,256
ChronosBolt-Base,2048,mse,attention_mask/tail_matched_stats,48,3.539498844e-08,1.005017886e-07,2.537976128e-08,256
ChronosBolt-Base,2048,mse,attention_mask/tail_matched_stats,64,1.353866148e-08,1.283359614e-07,2.464895e-08,256
ChronosBolt-Base,2048,mse,attention_mask/tail_matched_stats,96,6.681982966e-09,1.552643263e-07,3.031442739e-08,256
ChronosBolt-Base,2048,mse,attention_mask/tail_matched_stats,128,4.042379824e-09,1.476065915e-07,3.045041954e-08,256
ChronosBolt-Base,2048,mse,attention_mask/tail_matched_stats,192,-1.671402327e-08,1.442148373e-07,3.406733775e-08,256
ChronosBolt-Base,2048,mse,attention_mask/tail_matched_stats,256,9.343212938e-09,1.284050646e-07,3.892632438e-08,256
ChronosBolt-Base,2048,mse,attention_mask/tail_matched_stats,384,5.745040845e-09,7.622895231e-08,1.078280795e-08,256
ChronosBolt-Base,2048,mse,attention_mask/tail_matched_stats,512,-2.021313793e-09,6.613216135e-08,1.02457093e-08,256
ChronosBolt-Base,2048,mse,attention_mask/tail_matched_stats,768,-1.211444504e-09,4.307622176e-08,5.888772736e-09,256
ChronosBolt-Base,2048,mse,attention_mask/tail_matched_stats,1024,-6.149468311e-10,4.44684292e-08,6.358032401e-09,256
ChronosBolt-Base,2048,mse,attention_mask/tail_matched_stats,1536,1.554072386e-09,6.641516603e-08,1.00625111e-08,256
Moirai2-Small,6144,mae,attention_mask/full_history_stats,32,0.3684238553,0.6194589889,0.04870343471,256
Moirai2-Small,6144,mae,attention_mask/full_history_stats,48,0.475798645,0.6389289771,0.046127678,256
Moirai2-Small,6144,mae,attention_mask/full_history_stats,64,0.4503918518,0.6025140371,0.04443968636,256
Moirai2-Small,6144,mae,attention_mask/full_history_stats,96,0.4056540475,0.5230776301,0.04183354451,256
Moirai2-Small,6144,mae,attention_mask/full_history_stats,128,0.4047269898,0.4867476162,0.04044412439,256
Moirai2-Small,6144,mae,attention_mask/full_history_stats,192,0.3720836673,0.4198258228,0.03706260972,256
Moirai2-Small,6144,mae,attention_mask/full_history_stats,256,0.2993740082,0.3423035735,0.03392104856,256
Moirai2-Small,6144,mae,attention_mask/full_history_stats,384,0.2150956834,0.2465801714,0.02993346813,256
Moirai2-Small,6144,mae,attention_mask/full_history_stats,512,0.1725012263,0.1951442163,0.02766552068,256
Moirai2-Small,6144,mae,attention_mask/full_history_stats,768,0.1055259459,0.1211236964,0.0215096039,256
Moirai2-Small,6144,mae,attention_mask/full_history_stats,1024,0.08214963856,0.09538340952,0.01965821783,256
Moirai2-Small,6144,mae,attention_mask/full_history_stats,1536,0.06167722773,0.07122865271,0.01687526563,256
Moirai2-Small,6144,mae,attention_mask/full_history_stats,2048,0.03630340512,0.05243825342,0.0119068957,256
Moirai2-Small,6144,mae,attention_mask/full_history_stats,2560,0.0152601086,0.02825949398,0.006326630077,256
Moirai2-Small,6144,mae,attention_mask/full_history_stats,3072,0.006269932852,0.01583795729,0.002842553606,256
Moirai2-Small,6144,mae,attention_mask/full_history_stats,4096,0.000222032319,0.009774565974,0.002386779393,256
Moirai2-Small,6144,mae,attention_mask/tail_matched_stats,32,-0.002578390172,0.00444528125,0.0007395205997,256
Moirai2-Small,6144,mae,attention_mask/tail_matched_stats,48,-0.001900572704,0.002960139873,0.0004520441433,256
Moirai2-Small,6144,mae,attention_mask/tail_matched_stats,64,-0.001371972626,0.002218235541,0.0003238489959,256
Moirai2-Small,6144,mae,attention_mask/tail_matched_stats,96,-0.0005307305957,0.001425695926,0.000173306973,256
Moirai2-Small,6144,mae,attention_mask/tail_matched_stats,128,-0.0003476674094,0.0009829482694,0.0001219941898,256
Moirai2-Small,6144,mae,attention_mask/tail_matched_stats,192,-9.419831713e-06,0.0005012240953,6.304674375e-05,256
Moirai2-Small,6144,mae,attention_mask/tail_matched_stats,256,2.062866997e-06,0.0002769872999,3.53537851e-05,256
Moirai2-Small,6144,mae,attention_mask/tail_matched_stats,384,1.44605516e-05,0.0001373294043,1.65914606e-05,256
Moirai2-Small,6144,mae,attention_mask/tail_matched_stats,512,-8.264134891e-06,7.774046853e-05,8.86305664e-06,256
Moirai2-Small,6144,mae,attention_mask/tail_matched_stats,768,4.7625349e-08,4.059204036e-05,4.965654645e-06,256
Moirai2-Small,6144,mae,attention_mask/tail_matched_stats,1024,-1.369173674e-06,2.067163393e-05,2.282693422e-06,256
Moirai2-Small,6144,mae,attention_mask/tail_matched_stats,1536,-2.840840125e-06,1.309641436e-05,1.496438002e-06,256
Moirai2-Small,6144,mae,attention_mask/tail_matched_stats,2048,-2.457052119e-06,8.633205312e-06,9.896498181e-07,256
Moirai2-Small,6144,mae,attention_mask/tail_matched_stats,2560,-1.210255903e-06,6.84309947e-06,1.163361794e-06,256
Moirai2-Small,6144,mae,attention_mask/tail_matched_stats,3072,-9.404724324e-07,4.859583271e-06,7.564907094e-07,256
Moirai2-Small,6144,mae,attention_mask/tail_matched_stats,4096,-4.275042045e-07,2.495593975e-06,3.27689449e-07,256
Moirai2-Small,6144,mse,attention_mask/full_history_stats,32,0.6986740665,1.583742421,0.1958310127,256
Moirai2-Small,6144,mse,attention_mask/full_history_stats,48,1.081718585,1.62327335,0.1553978442,256
Moirai2-Small,6144,mse,attention_mask/full_history_stats,64,1.043459494,1.488356546,0.1357011982,256
Moirai2-Small,6144,mse,attention_mask/full_history_stats,96,0.907254985,1.277825728,0.1257113665,256
Moirai2-Small,6144,mse,attention_mask/full_history_stats,128,0.9319602895,1.188274615,0.1168761438,256
Moirai2-Small,6144,mse,attention_mask/full_history_stats,192,0.8717195063,0.9949195898,0.1072677853,256
Moirai2-Small,6144,mse,attention_mask/full_history_stats,256,0.6667023667,0.7566203889,0.09033507897,256
Moirai2-Small,6144,mse,attention_mask/full_history_stats,384,0.482647355,0.544733654,0.08352874096,256
Moirai2-Small,6144,mse,attention_mask/full_history_stats,512,0.3823858597,0.4260984529,0.07629779852,256
Moirai2-Small,6144,mse,attention_mask/full_history_stats,768,0.2432107225,0.2684998473,0.06320186732,256
Moirai2-Small,6144,mse,attention_mask/full_history_stats,1024,0.2014616557,0.2222675249,0.05999479032,256
Moirai2-Small,6144,mse,attention_mask/full_history_stats,1536,0.1376881495,0.1522468931,0.04302921623,256
Moirai2-Small,6144,mse,attention_mask/full_history_stats,2048,0.07353869968,0.09526278804,0.02401799244,256
Moirai2-Small,6144,mse,attention_mask/full_history_stats,2560,0.02745571729,0.04632140275,0.01301195948,256
Moirai2-Small,6144,mse,attention_mask/full_history_stats,3072,0.01219191258,0.02716538737,0.007746391873,256
Moirai2-Small,6144,mse,attention_mask/full_history_stats,4096,0.0012054704,0.01530992125,0.004537031766,256
Moirai2-Small,6144,mse,attention_mask/tail_matched_stats,32,-0.01036080727,0.01489775989,0.003369024095,256
Moirai2-Small,6144,mse,attention_mask/tail_matched_stats,48,-0.006999879411,0.009030357758,0.002049813,256
Moirai2-Small,6144,mse,attention_mask/tail_matched_stats,64,-0.005097338075,0.006391971842,0.001285866692,256
Moirai2-Small,6144,mse,attention_mask/tail_matched_stats,96,-0.001814142181,0.003294171511,0.0004923690199,256
Moirai2-Small,6144,mse,attention_mask/tail_matched_stats,128,-0.001138113179,0.002197512392,0.0003285200505,256
Moirai2-Small,6144,mse,attention_mask/tail_matched_stats,192,-1.545950718e-05,0.001090049937,0.0001793377737,256
Moirai2-Small,6144,mse,attention_mask/tail_matched_stats,256,-1.717119521e-05,0.0005800219734,0.0001116010242,256
Moirai2-Small,6144,mse,attention_mask/tail_matched_stats,384,5.157436245e-05,0.0002577838375,4.267218129e-05,256
Moirai2-Small,6144,mse,attention_mask/tail_matched_stats,512,-9.186544147e-06,0.000155436806,2.413839672e-05,256
Moirai2-Small,6144,mse,attention_mask/tail_matched_stats,768,9.103417776e-06,7.953156942e-05,1.683670118e-05,256
Moirai2-Small,6144,mse,attention_mask/tail_matched_stats,1024,-4.869539321e-06,3.742674606e-05,6.061208786e-06,256
Moirai2-Small,6144,mse,attention_mask/tail_matched_stats,1536,-7.328931178e-06,2.262952734e-05,3.627315325e-06,256
Moirai2-Small,6144,mse,attention_mask/tail_matched_stats,2048,-5.204861531e-06,1.479765321e-05,2.229037001e-06,256
Moirai2-Small,6144,mse,attention_mask/tail_matched_stats,2560,-3.15254157e-06,1.227674995e-05,2.634479465e-06,256
Moirai2-Small,6144,mse,attention_mask/tail_matched_stats,3072,-2.488226519e-06,8.796794658e-06,1.846451897e-06,256
Moirai2-Small,6144,mse,attention_mask/tail_matched_stats,4096,-1.087829283e-06,4.537849405e-06,8.389961105e-07,256
PatchTST-FM-R1,8192,mae,attention_mask/full_history_stats,32,0.1166931634,0.4344175365,0.03726090745,256
PatchTST-FM-R1,8192,mae,attention_mask/full_history_stats,48,0.1999461176,0.4494731264,0.03551044304,256
PatchTST-FM-R1,8192,mae,attention_mask/full_history_stats,64,0.1578570415,0.456113647,0.04112181858,256
PatchTST-FM-R1,8192,mae,attention_mask/full_history_stats,96,0.2161998846,0.4586462293,0.03954905151,256
PatchTST-FM-R1,8192,mae,attention_mask/full_history_stats,128,0.2665294204,0.4537729694,0.03659947687,256
PatchTST-FM-R1,8192,mae,attention_mask/full_history_stats,192,0.7089270164,0.7727191738,0.05039563637,256
PatchTST-FM-R1,8192,mae,attention_mask/full_history_stats,256,0.5754131285,0.6299436352,0.04611193929,256
PatchTST-FM-R1,8192,mae,attention_mask/full_history_stats,384,0.3697187961,0.4148172557,0.03632787497,256
PatchTST-FM-R1,8192,mae,attention_mask/full_history_stats,512,0.3320568523,0.3658383974,0.0324560693,256
PatchTST-FM-R1,8192,mae,attention_mask/full_history_stats,768,0.2504542136,0.2662284703,0.02593443023,256
PatchTST-FM-R1,8192,mae,attention_mask/full_history_stats,1024,0.2095805029,0.2228363121,0.02355016177,256
PatchTST-FM-R1,8192,mae,attention_mask/full_history_stats,1536,0.1854829612,0.1966122791,0.02262409008,256
PatchTST-FM-R1,8192,mae,attention_mask/full_history_stats,2048,0.1520358567,0.159409065,0.01958054982,256
PatchTST-FM-R1,8192,mae,attention_mask/full_history_stats,2560,0.1159555764,0.1213604404,0.01693351384,256
PatchTST-FM-R1,8192,mae,attention_mask/full_history_stats,3072,0.08736089157,0.09395183281,0.01424611872,256
PatchTST-FM-R1,8192,mae,attention_mask/full_history_stats,4096,0.03267186969,0.04037238354,0.006694158649,256
PatchTST-FM-R1,8192,mae,attention_mask/full_history_stats,6144,0.004611241258,0.009126842408,0.001716638353,256
PatchTST-FM-R1,8192,mae,attention_mask/tail_matched_stats,32,-0.1100287724,0.1870423778,0.02279633209,256
PatchTST-FM-R1,8192,mae,attention_mask/tail_matched_stats,48,-0.05101167821,0.187461926,0.02171672561,256
PatchTST-FM-R1,8192,mae,attention_mask/tail_matched_stats,64,-0.06636909766,0.2105245348,0.02915289801,256
PatchTST-FM-R1,8192,mae,attention_mask/tail_matched_stats,96,0.0008872730044,0.2517690253,0.03007796521,256
PatchTST-FM-R1,8192,mae,attention_mask/tail_matched_stats,128,0.06598214993,0.2481245824,0.02604562023,256
PatchTST-FM-R1,8192,mae,attention_mask/tail_matched_stats,192,0.2916217855,0.3608692133,0.03321005915,256
PatchTST-FM-R1,8192,mae,attention_mask/tail_matched_stats,256,0.1901401278,0.2359886664,0.02608015043,256
PatchTST-FM-R1,8192,mae,attention_mask/tail_matched_stats,384,0.04600715383,0.07837329757,0.01018595359,256
PatchTST-FM-R1,8192,mae,attention_mask/tail_matched_stats,512,0.03775084336,0.06671687156,0.008723190927,256
PatchTST-FM-R1,8192,mae,attention_mask/tail_matched_stats,768,0.01664635876,0.03079516706,0.005065636308,256
PatchTST-FM-R1,8192,mae,attention_mask/tail_matched_stats,1024,0.007342735693,0.02074089119,0.004018862232,256
PatchTST-FM-R1,8192,mae,attention_mask/tail_matched_stats,1536,0.004695073654,0.01259214497,0.001817036269,256
PatchTST-FM-R1,8192,mae,attention_mask/tail_matched_stats,2048,0.002490929936,0.009137365235,0.001307053928,256
PatchTST-FM-R1,8192,mae,attention_mask/tail_matched_stats,2560,0.001326977223,0.004833843488,0.0007563137705,256
PatchTST-FM-R1,8192,mae,attention_mask/tail_matched_stats,3072,-0.0003344664934,0.004556063755,0.000621178293,256
PatchTST-FM-R1,8192,mae,attention_mask/tail_matched_stats,4096,-3.097479092e-05,0.002711494233,0.0003387511272,256
PatchTST-FM-R1,8192,mae,attention_mask/tail_matched_stats,6144,-2.852478185e-05,0.002101932475,0.0003089796231,256
PatchTST-FM-R1,8192,mse,attention_mask/full_history_stats,32,-0.07012283271,1.027163429,0.1119996521,256
PatchTST-FM-R1,8192,mse,attention_mask/full_history_stats,48,0.2079131533,1.035804864,0.1063907213,256
PatchTST-FM-R1,8192,mse,attention_mask/full_history_stats,64,-0.02731303654,1.096824225,0.1655510389,256
PatchTST-FM-R1,8192,mse,attention_mask/full_history_stats,96,0.08547043676,1.013869479,0.1640580744,256
PatchTST-FM-R1,8192,mse,attention_mask/full_history_stats,128,0.2523471958,0.9175710337,0.1277059984,256
PatchTST-FM-R1,8192,mse,attention_mask/full_history_stats,192,2.282105734,2.479394476,0.2418133048,256
PatchTST-FM-R1,8192,mse,attention_mask/full_history_stats,256,1.709564556,1.865681645,0.1792901774,256
PatchTST-FM-R1,8192,mse,attention_mask/full_history_stats,384,0.9022745886,0.9965609908,0.1123638738,256
PatchTST-FM-R1,8192,mse,attention_mask/full_history_stats,512,0.7351094649,0.8086245522,0.09221757339,256
PatchTST-FM-R1,8192,mse,attention_mask/full_history_stats,768,0.4594643798,0.5017314669,0.0609300163,256
PatchTST-FM-R1,8192,mse,attention_mask/full_history_stats,1024,0.3658239425,0.4033811854,0.05268200051,256
PatchTST-FM-R1,8192,mse,attention_mask/full_history_stats,1536,0.3281078803,0.3456981861,0.04834207233,256
PatchTST-FM-R1,8192,mse,attention_mask/full_history_stats,2048,0.2576613677,0.2698616529,0.03966690215,256
PatchTST-FM-R1,8192,mse,attention_mask/full_history_stats,2560,0.1859550504,0.1928735436,0.03312980021,256
PatchTST-FM-R1,8192,mse,attention_mask/full_history_stats,3072,0.1343431157,0.1440590117,0.02862279137,256
PatchTST-FM-R1,8192,mse,attention_mask/full_history_stats,4096,0.02729700613,0.04326990149,0.008590434164,256
PatchTST-FM-R1,8192,mse,attention_mask/full_history_stats,6144,0.002065233447,0.009309321233,0.001720503671,256
PatchTST-FM-R1,8192,mse,attention_mask/tail_matched_stats,32,-0.4351203076,0.5786368584,0.09109479349,256
PatchTST-FM-R1,8192,mse,attention_mask/tail_matched_stats,48,-0.264409808,0.5057096052,0.08146119867,256
PatchTST-FM-R1,8192,mse,attention_mask/tail_matched_stats,64,-0.4292712283,0.6288925319,0.1529982452,256
PatchTST-FM-R1,8192,mse,attention_mask/tail_matched_stats,96,-0.3072017063,0.642614482,0.1571105106,256
PatchTST-FM-R1,8192,mse,attention_mask/tail_matched_stats,128,-0.1336709927,0.5414999341,0.1188223693,256
PatchTST-FM-R1,8192,mse,attention_mask/tail_matched_stats,192,0.7855655925,0.9901555541,0.1367058105,256
PatchTST-FM-R1,8192,mse,attention_mask/tail_matched_stats,256,0.5309583851,0.6469429958,0.1264142585,256
PatchTST-FM-R1,8192,mse,attention_mask/tail_matched_stats,384,0.09291361567,0.1527990455,0.02406320849,256
PatchTST-FM-R1,8192,mse,attention_mask/tail_matched_stats,512,0.07561115664,0.1472292627,0.02774559101,256
PatchTST-FM-R1,8192,mse,attention_mask/tail_matched_stats,768,0.02461675738,0.05663982668,0.01017041572,256
PatchTST-FM-R1,8192,mse,attention_mask/tail_matched_stats,1024,0.01001229952,0.03867434075,0.008690177822,256
PatchTST-FM-R1,8192,mse,attention_mask/tail_matched_stats,1536,0.01104694128,0.02267560455,0.004322122428,256
PatchTST-FM-R1,8192,mse,attention_mask/tail_matched_stats,2048,0.006519189372,0.01693580202,0.003728388761,256
PatchTST-FM-R1,8192,mse,attention_mask/tail_matched_stats,2560,0.004524295714,0.009851953951,0.002640097854,256
PatchTST-FM-R1,8192,mse,attention_mask/tail_matched_stats,3072,-0.0003776392567,0.007775418704,0.001418669181,256
PatchTST-FM-R1,8192,mse,attention_mask/tail_matched_stats,4096,-0.0006568333461,0.00438690416,0.0007770455273,256
PatchTST-FM-R1,8192,mse,attention_mask/tail_matched_stats,6144,0.0001901050846,0.00372993562,0.0009670825205,256
Sundial-Base-128M,2560,mae,attention_mask/full_history_stats,32,-0.0288502393,0.1208677933,0.01199767772,256
Sundial-Base-128M,2560,mae,attention_mask/full_history_stats,48,-0.01503376259,0.1187039695,0.01137313863,256
Sundial-Base-128M,2560,mae,attention_mask/full_history_stats,64,-0.002456622891,0.1044723546,0.01104623117,256
Sundial-Base-128M,2560,mae,attention_mask/full_history_stats,96,0.01083843006,0.1027961425,0.01104430053,256
Sundial-Base-128M,2560,mae,attention_mask/full_history_stats,128,0.008239999476,0.08678508149,0.0095675328,256
Sundial-Base-128M,2560,mae,attention_mask/full_history_stats,192,0.003490705319,0.07140671105,0.007386979137,256
Sundial-Base-128M,2560,mae,attention_mask/full_history_stats,256,0.007937708583,0.06459385125,0.00689155193,256
Sundial-Base-128M,2560,mae,attention_mask/full_history_stats,384,-0.003055801389,0.05541512123,0.006862623163,256
Sundial-Base-128M,2560,mae,attention_mask/full_history_stats,512,-0.005873878083,0.0474824223,0.005702425291,256
Sundial-Base-128M,2560,mae,attention_mask/full_history_stats,768,0.0007647151906,0.03258219929,0.00419153574,256
Sundial-Base-128M,2560,mae,attention_mask/full_history_stats,1024,0.003307870373,0.02700550775,0.003149475966,256
Sundial-Base-128M,2560,mae,attention_mask/full_history_stats,1536,0.002744769904,0.01900219573,0.002145043903,256
Sundial-Base-128M,2560,mae,attention_mask/full_history_stats,2048,0.002340709753,0.01546943159,0.001789861013,256
Sundial-Base-128M,2560,mae,attention_mask/tail_matched_stats,32,0.0007683547535,0.009591006724,0.001141471588,256
Sundial-Base-128M,2560,mae,attention_mask/tail_matched_stats,48,0.0003497860727,0.008726324463,0.0009522595516,256
Sundial-Base-128M,2560,mae,attention_mask/tail_matched_stats,64,0.001347085441,0.01268530652,0.001573229374,256
Sundial-Base-128M,2560,mae,attention_mask/tail_matched_stats,96,-0.001206773061,0.01189141908,0.001386942987,256
Sundial-Base-128M,2560,mae,attention_mask/tail_matched_stats,128,0.002804113256,0.01357027566,0.001505198349,256
Sundial-Base-128M,2560,mae,attention_mask/tail_matched_stats,192,0.0004374988928,0.01292203816,0.001262997758,256
Sundial-Base-128M,2560,mae,attention_mask/tail_matched_stats,256,-0.0005361098276,0.01203445832,0.001291811046,256
Sundial-Base-128M,2560,mae,attention_mask/tail_matched_stats,384,0.001972494437,0.01114743062,0.001134722278,256
Sundial-Base-128M,2560,mae,attention_mask/tail_matched_stats,512,0.002470300534,0.01230377763,0.001569180802,256
Sundial-Base-128M,2560,mae,attention_mask/tail_matched_stats,768,0.00132289757,0.01077485888,0.001257988806,256
Sundial-Base-128M,2560,mae,attention_mask/tail_matched_stats,1024,0.0003788098275,0.01175597598,0.001375677942,256
Sundial-Base-128M,2560,mae,attention_mask/tail_matched_stats,1536,0.002072397856,0.01080696651,0.001210309621,256
Sundial-Base-128M,2560,mae,attention_mask/tail_matched_stats,2048,-0.0003098370699,0.01213711131,0.001648981919,256
Sundial-Base-128M,2560,mse,attention_mask/full_history_stats,32,-0.1009276353,0.2543163383,0.02967385689,256
Sundial-Base-128M,2560,mse,attention_mask/full_history_stats,48,-0.06691241149,0.2470609638,0.02768339875,256
Sundial-Base-128M,2560,mse,attention_mask/full_history_stats,64,-0.03434356771,0.2167591707,0.02579915988,256
Sundial-Base-128M,2560,mse,attention_mask/full_history_stats,96,-0.004491067077,0.1992751535,0.02674895153,256
Sundial-Base-128M,2560,mse,attention_mask/full_history_stats,128,0.01151117687,0.1596522019,0.02055540503,256
Sundial-Base-128M,2560,mse,attention_mask/full_history_stats,192,0.001801049247,0.1237912877,0.01454487843,256
Sundial-Base-128M,2560,mse,attention_mask/full_history_stats,256,0.02176664646,0.1120021903,0.01395053776,256
Sundial-Base-128M,2560,mse,attention_mask/full_history_stats,384,-0.006260013895,0.09196527464,0.0138411787,256
Sundial-Base-128M,2560,mse,attention_mask/full_history_stats,512,-0.01072099065,0.07659570735,0.01092473365,256
Sundial-Base-128M,2560,mse,attention_mask/full_history_stats,768,0.007831017641,0.06065533829,0.01271204996,256
Sundial-Base-128M,2560,mse,attention_mask/full_history_stats,1024,0.006983142188,0.04513593591,0.007549729918,256
Sundial-Base-128M,2560,mse,attention_mask/full_history_stats,1536,0.006295920471,0.03316624178,0.006268481475,256
Sundial-Base-128M,2560,mse,attention_mask/full_history_stats,2048,0.003165418578,0.02748197636,0.004417226233,256
Sundial-Base-128M,2560,mse,attention_mask/tail_matched_stats,32,-0.002099914071,0.02174018968,0.003373052504,256
Sundial-Base-128M,2560,mse,attention_mask/tail_matched_stats,48,-4.115805429e-05,0.0198928189,0.00245588145,256
Sundial-Base-128M,2560,mse,attention_mask/tail_matched_stats,64,0.001148413193,0.02483542287,0.003055508977,256
Sundial-Base-128M,2560,mse,attention_mask/tail_matched_stats,96,-0.004536122723,0.02556815195,0.004234633566,256
Sundial-Base-128M,2560,mse,attention_mask/tail_matched_stats,128,0.008424699519,0.03062011386,0.00485018265,256
Sundial-Base-128M,2560,mse,attention_mask/tail_matched_stats,192,-0.0006551521875,0.02437580983,0.003071506706,256
Sundial-Base-128M,2560,mse,attention_mask/tail_matched_stats,256,-0.00358952117,0.02279892941,0.003690112322,256
Sundial-Base-128M,2560,mse,attention_mask/tail_matched_stats,384,0.005514704022,0.02081149201,0.002664038655,256
Sundial-Base-128M,2560,mse,attention_mask/tail_matched_stats,512,0.004111627306,0.02416475733,0.003562813377,256
Sundial-Base-128M,2560,mse,attention_mask/tail_matched_stats,768,0.000950718118,0.01734549757,0.00239353625,256
Sundial-Base-128M,2560,mse,attention_mask/tail_matched_stats,1024,-0.001138162355,0.02082179801,0.003038861206,256
Sundial-Base-128M,2560,mse,attention_mask/tail_matched_stats,1536,0.003947020936,0.01847981335,0.002903332124,256
Sundial-Base-128M,2560,mse,attention_mask/tail_matched_stats,2048,-0.003326191014,0.02289731731,0.005484665939,256
TimesFM2.5-200M,8192,mae,attention_mask/full_history_stats,32,0.1019832635,0.3040375789,0.02652999521,256
TimesFM2.5-200M,8192,mae,attention_mask/full_history_stats,64,0.03187395915,0.2376466201,0.02380156056,256
TimesFM2.5-200M,8192,mae,attention_mask/full_history_stats,96,0.03540701732,0.2037729326,0.02022104684,256
TimesFM2.5-200M,8192,mae,attention_mask/full_history_stats,128,0.05219279961,0.1768662855,0.01697699999,256
TimesFM2.5-200M,8192,mae,attention_mask/full_history_stats,192,0.05649239407,0.1343881628,0.01310889547,256
TimesFM2.5-200M,8192,mae,attention_mask/full_history_stats,256,0.06289266366,0.1202001444,0.01274858147,256
TimesFM2.5-200M,8192,mae,attention_mask/full_history_stats,384,0.03382823269,0.09374633043,0.01138624028,256
TimesFM2.5-200M,8192,mae,attention_mask/full_history_stats,512,0.02140767352,0.0836576668,0.01093436802,256
TimesFM2.5-200M,8192,mae,attention_mask/full_history_stats,768,0.0245576303,0.05723771007,0.007283777966,256
TimesFM2.5-200M,8192,mae,attention_mask/full_history_stats,1024,0.01683199245,0.05432048582,0.00784203191,256
TimesFM2.5-200M,8192,mae,attention_mask/full_history_stats,1536,0.01710240568,0.04312594454,0.007039576318,256
TimesFM2.5-200M,8192,mae,attention_mask/full_history_stats,2048,0.02013990133,0.03453464351,0.005130668441,256
TimesFM2.5-200M,8192,mae,attention_mask/full_history_stats,2560,0.01533275494,0.02799326747,0.004332333379,256
TimesFM2.5-200M,8192,mae,attention_mask/full_history_stats,3072,0.01280965646,0.0263179342,0.004443238078,256
TimesFM2.5-200M,8192,mae,attention_mask/full_history_stats,4096,0.0109283123,0.02488621463,0.003864422849,256
TimesFM2.5-200M,8192,mae,attention_mask/full_history_stats,6144,0.009827549506,0.02318375634,0.003921610625,256
TimesFM2.5-200M,8192,mae,attention_mask/tail_matched_stats,32,-4.06960794e-08,1.564582703e-07,1.957462003e-08,256
TimesFM2.5-200M,8192,mae,attention_mask/tail_matched_stats,64,-0.02990499344,0.1014411726,0.01906175483,256
TimesFM2.5-200M,8192,mae,attention_mask/tail_matched_stats,96,-0.01694478945,0.1059150955,0.01775898016,256
TimesFM2.5-200M,8192,mae,attention_mask/tail_matched_stats,128,0.005446254023,0.1098719372,0.0172889818,256
TimesFM2.5-200M,8192,mae,attention_mask/tail_matched_stats,192,0.01235915444,0.0979649855,0.01332831473,256
TimesFM2.5-200M,8192,mae,attention_mask/tail_matched_stats,256,0.02894736661,0.06964260308,0.008856818514,256
TimesFM2.5-200M,8192,mae,attention_mask/tail_matched_stats,384,0.01444917906,0.05678028287,0.009102377534,256
TimesFM2.5-200M,8192,mae,attention_mask/tail_matched_stats,512,0.01706428095,0.06893146492,0.01110999402,256
TimesFM2.5-200M,8192,mae,attention_mask/tail_matched_stats,768,0.009743697306,0.03716731971,0.006120498791,256
TimesFM2.5-200M,8192,mae,attention_mask/tail_matched_stats,1024,0.006801545894,0.04055307132,0.006715890392,256
TimesFM2.5-200M,8192,mae,attention_mask/tail_matched_stats,1536,0.01237786683,0.03396647816,0.006171893192,256
TimesFM2.5-200M,8192,mae,attention_mask/tail_matched_stats,2048,0.01300823684,0.0293339906,0.005415262969,256
TimesFM2.5-200M,8192,mae,attention_mask/tail_matched_stats,2560,0.01319955534,0.0262456605,0.004706584638,256
TimesFM2.5-200M,8192,mae,attention_mask/tail_matched_stats,3072,0.0146592128,0.02665361042,0.004749320343,256
TimesFM2.5-200M,8192,mae,attention_mask/tail_matched_stats,4096,0.01749220004,0.02614438962,0.004300862344,256
TimesFM2.5-200M,8192,mae,attention_mask/tail_matched_stats,6144,0.0106224878,0.0222471533,0.003006525571,256
TimesFM2.5-200M,8192,mse,attention_mask/full_history_stats,32,0.1373447379,0.6713252323,0.06880110051,256
TimesFM2.5-200M,8192,mse,attention_mask/full_history_stats,64,-0.05816905111,0.5665984523,0.08244266009,256
TimesFM2.5-200M,8192,mse,attention_mask/full_history_stats,96,-0.04398511437,0.4445227521,0.06726864737,256
TimesFM2.5-200M,8192,mse,attention_mask/full_history_stats,128,0.01857425354,0.3241620951,0.03754092137,256
TimesFM2.5-200M,8192,mse,attention_mask/full_history_stats,192,0.06682724017,0.2432490978,0.03056929174,256
TimesFM2.5-200M,8192,mse,attention_mask/full_history_stats,256,0.09812732104,0.2309964221,0.035381188,256
TimesFM2.5-200M,8192,mse,attention_mask/full_history_stats,384,0.01699064833,0.1677605574,0.02670371763,256
TimesFM2.5-200M,8192,mse,attention_mask/full_history_stats,512,0.00294227658,0.1498831953,0.02966418801,256
TimesFM2.5-200M,8192,mse,attention_mask/full_history_stats,768,0.03472357167,0.08836447023,0.01493781733,256
TimesFM2.5-200M,8192,mse,attention_mask/full_history_stats,1024,0.02244076832,0.08768419247,0.01608545924,256
TimesFM2.5-200M,8192,mse,attention_mask/full_history_stats,1536,0.02124473142,0.0619198132,0.01132347525,256
TimesFM2.5-200M,8192,mse,attention_mask/full_history_stats,2048,0.02791706909,0.0522482273,0.01072775369,256
TimesFM2.5-200M,8192,mse,attention_mask/full_history_stats,2560,0.01973025343,0.04051140295,0.007585031281,256
TimesFM2.5-200M,8192,mse,attention_mask/full_history_stats,3072,0.01366799431,0.03789345425,0.008594052769,256
TimesFM2.5-200M,8192,mse,attention_mask/full_history_stats,4096,0.005379731544,0.03882284208,0.008532491109,256
TimesFM2.5-200M,8192,mse,attention_mask/full_history_stats,6144,0.008496497455,0.03598981362,0.007399751305,256
TimesFM2.5-200M,8192,mse,attention_mask/tail_matched_stats,32,-1.686211544e-07,4.119864181e-07,7.413023527e-08,256
TimesFM2.5-200M,8192,mse,attention_mask/tail_matched_stats,64,-0.185723696,0.3057791297,0.09582186896,256
TimesFM2.5-200M,8192,mse,attention_mask/tail_matched_stats,96,-0.1554507212,0.2793724685,0.08582381896,256
TimesFM2.5-200M,8192,mse,attention_mask/tail_matched_stats,128,-0.1122388463,0.2576176486,0.0786754402,256
TimesFM2.5-200M,8192,mse,attention_mask/tail_matched_stats,192,-0.03883499259,0.1835767323,0.03957115961,256
TimesFM2.5-200M,8192,mse,attention_mask/tail_matched_stats,256,0.02316032639,0.1211432766,0.01844403912,256
TimesFM2.5-200M,8192,mse,attention_mask/tail_matched_stats,384,-0.005101714776,0.09730190812,0.02077498253,256
TimesFM2.5-200M,8192,mse,attention_mask/tail_matched_stats,512,-0.00561804865,0.1270699954,0.02868065427,256
TimesFM2.5-200M,8192,mse,attention_mask/tail_matched_stats,768,0.009670578866,0.06482365105,0.01278656705,256
TimesFM2.5-200M,8192,mse,attention_mask/tail_matched_stats,1024,-0.003261850911,0.06731476434,0.01387103939,256
TimesFM2.5-200M,8192,mse,attention_mask/tail_matched_stats,1536,0.01204775553,0.05192868034,0.01074010697,256
TimesFM2.5-200M,8192,mse,attention_mask/tail_matched_stats,2048,0.01412908374,0.04628383137,0.01092319199,256
TimesFM2.5-200M,8192,mse,attention_mask/tail_matched_stats,2560,0.02000657846,0.04111342327,0.009228370111,256
TimesFM2.5-200M,8192,mse,attention_mask/tail_matched_stats,3072,0.0238969199,0.04472995008,0.01012355835,256
TimesFM2.5-200M,8192,mse,attention_mask/tail_matched_stats,4096,0.03033190928,0.04344956003,0.009517636003,256
TimesFM2.5-200M,8192,mse,attention_mask/tail_matched_stats,6144,0.01483852431,0.03176717842,0.005577995278,256
